,Course Code,Course Title ,L,T,P,Credit,Semester,Pre-rq
,,,,,,,,
2023 Batch,LAWM305,Regulating platform and Gig workers,3,0,2,4,5,NIL
,LAWE200,Moral Philosophy and Justice,2,0,0,2,6,NIL
,LAWC410,Introduction to Alternative Dispute Resolution Methods,2,0,2,3,6,NIL
,LAWB210,Criminology and Victimology,2,2,0,4,6,NIL
,LAWM306,Law Relating to start-ups,3,1,0,4,7,NIL
,LAWE301,Intellectual Property Rights,2,0,0,2,7,NIL
,,Don’t Know,,,,5,,
,,,,,,,,
2024 Batch,LAWP100,Political Science I,2,1,0,3,3,NIL
,LAWS301,Legal Methods,2,0,2,3,3,NIL
,LAWM301,Constitution for Citizens,2,2,0,4,4,NIL
,LAWM302,Basics of International Law,3,1,0,4,5,NIL
,,TBA,,,,10,,
,,,,,,,,
2025 Batch,LAWS301,Legal Methods,2,0,2,3,3,NIL
,LAWP101,Introduction to Political science,3,1,0,4,2,NIL
,,TBA,,,,17,,
,,,,,,,,
2026 Batch,,TBA,,,,24,,
